news_source,news_title,news_link,news_publish_date
CNC3 Television,Eight-hour ferry ordeal leaves passengers frustrated aboard Galleons Passage,https://www.cnc3.co.tt/eight-hour-ferry-ordeal-leaves-passengers-frustrated-aboard-galleons-passage/?utm_source=rss&utm_medium=rss&utm_campaign=eight-hour-ferry-ordeal-leaves-passengers-frustrated-aboard-galleons-passage,"Wed, 17 Jun 2026 11:36:30 +0000"
CNC3 Television,Kaia arrested at airport after returning home,https://www.cnc3.co.tt/kaia-arrested-at-airport-after-returning-home/?utm_source=rss&utm_medium=rss&utm_campaign=kaia-arrested-at-airport-after-returning-home,"Wed, 17 Jun 2026 10:05:36 +0000"
CNC3 Television,Kaia,https://www.cnc3.co.tt/kaia/?utm_source=rss&utm_medium=rss&utm_campaign=kaia,"Wed, 17 Jun 2026 01:45:37 +0000"
CNC3 Television,"‘No, Mercedez, don’t go’",https://www.cnc3.co.tt/no-mercedez-dont-go/?utm_source=rss&utm_medium=rss&utm_campaign=no-mercedez-dont-go,"Wed, 17 Jun 2026 01:45:36 +0000"
CNC3 Television,Young warns graduating students to avoid shortcuts:,https://www.cnc3.co.tt/young-warns-graduating-students-to-avoid-shortcuts/?utm_source=rss&utm_medium=rss&utm_campaign=young-warns-graduating-students-to-avoid-shortcuts,"Wed, 17 Jun 2026 01:45:34 +0000"
CNC3 Television,OAS at the crossroads,https://www.cnc3.co.tt/oas-at-the-crossroads/?utm_source=rss&utm_medium=rss&utm_campaign=oas-at-the-crossroads,"Wed, 17 Jun 2026 00:56:38 +0000"
CNC3 Television,Progress promised but questions remain,https://www.cnc3.co.tt/progress-promised-but-questions-remain/?utm_source=rss&utm_medium=rss&utm_campaign=progress-promised-but-questions-remain,"Wed, 17 Jun 2026 00:56:38 +0000"
CNC3 Television,"T&TEC ‘protected list’ existed for decades, former officials say",https://www.cnc3.co.tt/ttec-protected-list-existed-for-decades-former-officials-say/?utm_source=rss&utm_medium=rss&utm_campaign=ttec-protected-list-existed-for-decades-former-officials-say,"Wed, 17 Jun 2026 00:56:37 +0000"
CNC3 Television,Senate debates Petrotrin successor bill today,https://www.cnc3.co.tt/senate-debates-petrotrin-successor-bill-today/?utm_source=rss&utm_medium=rss&utm_campaign=senate-debates-petrotrin-successor-bill-today,"Wed, 17 Jun 2026 00:46:16 +0000"
CNC3 Television,Padarath unfazed by Opposition walkout during Mid-Year Budget Review debate,https://www.cnc3.co.tt/padarath-unfazed-by-opposition-walkout-during-mid-year-budget-review-debate/?utm_source=rss&utm_medium=rss&utm_campaign=padarath-unfazed-by-opposition-walkout-during-mid-year-budget-review-debate,"Wed, 17 Jun 2026 00:46:15 +0000"
TTT Live Online,Finance Minister: Investors ‘Breaking Down The Doors’ To Invest in T&T,https://www.ttt.live/finance-minister-investors-breaking-down-the-doors-to-invest-in-tt/?utm_source=rss&utm_medium=rss&utm_campaign=finance-minister-investors-breaking-down-the-doors-to-invest-in-tt,"Tue, 16 Jun 2026 23:22:34 +0000"
TTT Live Online,Political Scientist Dr Maukesh Basdeo Sees Positive Economic Outlook Following Mid-Year Budget Review,https://www.ttt.live/political-scientist-dr-maukesh-basdeo-sees-positive-economic-outlook-following-mid-year-budget-review/?utm_source=rss&utm_medium=rss&utm_campaign=political-scientist-dr-maukesh-basdeo-sees-positive-economic-outlook-following-mid-year-budget-review,"Tue, 16 Jun 2026 23:33:37 +0000"
TTT Live Online,Tobago West MP Welcomes $94M Boost For Tobago,https://www.ttt.live/tobago-west-mp-welcomes-94m-boost-for-tobago/?utm_source=rss&utm_medium=rss&utm_campaign=tobago-west-mp-welcomes-94m-boost-for-tobago,"Tue, 16 Jun 2026 21:29:29 +0000"
TTT Live Online,JTUM To Make “Serious Announcements” At Labour Day Celebrations On Friday,https://www.ttt.live/jtum-to-make-serious-announcements-at-labour-day-celebrations-on-friday/?utm_source=rss&utm_medium=rss&utm_campaign=jtum-to-make-serious-announcements-at-labour-day-celebrations-on-friday,"Tue, 16 Jun 2026 21:38:53 +0000"
TTT Live Online,NIHERST–ILO Study Identifies STEM Skills Needs Across Emerging Sectors,https://www.ttt.live/niherst-ilo-study-identifies-stem-skills-needs-across-emerging-sectors/?utm_source=rss&utm_medium=rss&utm_campaign=niherst-ilo-study-identifies-stem-skills-needs-across-emerging-sectors,"Tue, 16 Jun 2026 19:12:50 +0000"
TTT Live Online,Tobago Launches Project To Preserve Elders’ Stories And Memories,https://www.ttt.live/tobago-launches-project-to-preserve-elders-stories-and-memories/?utm_source=rss&utm_medium=rss&utm_campaign=tobago-launches-project-to-preserve-elders-stories-and-memories,"Tue, 16 Jun 2026 22:15:25 +0000"
TTT Live Online,ASIS International And Cipriani College Celebrate First CPP Graduates,https://www.ttt.live/asis-international-and-cipriani-college-celebrate-first-cpp-graduates/?utm_source=rss&utm_medium=rss&utm_campaign=asis-international-and-cipriani-college-celebrate-first-cpp-graduates,"Tue, 16 Jun 2026 20:09:57 +0000"
TTT Live Online,MP Khadijah Ameen Brings Government Services Closer To Constituents,https://www.ttt.live/mp-khadijah-ameen-brings-government-services-closer-to-constituents/?utm_source=rss&utm_medium=rss&utm_campaign=mp-khadijah-ameen-brings-government-services-closer-to-constituents,"Tue, 16 Jun 2026 23:05:01 +0000"
TTT Live Online,Young Voices Highlight Importance Of Fathers Through Poetry,https://www.ttt.live/young-voices-highlight-importance-of-fathers-through-poetry/?utm_source=rss&utm_medium=rss&utm_campaign=young-voices-highlight-importance-of-fathers-through-poetry,"Tue, 16 Jun 2026 23:48:18 +0000"
TTT Live Online,Victory For Grace Academy At First-Ever Mindstar Labour Day Spelling Bee,https://www.ttt.live/victory-for-grace-academy-at-first-ever-mindstar-labour-day-spelling-bee/?utm_source=rss&utm_medium=rss&utm_campaign=victory-for-grace-academy-at-first-ever-mindstar-labour-day-spelling-bee,"Tue, 16 Jun 2026 21:58:38 +0000"
Trinidad Express (via Google),Judge stops HDC from evicting Arima family - Trinidad Express Newspapers,https://news.google.com/rss/articles/CBMiywFBVV95cUxQWWxqbWNFd2FRd3l2SE1QY3Vyb05xQUFhcExkeUR0TzhxVVRpNW0zaThac0dqSzdYWUdIT0UxSGR2RXRuLXFCRkdKdlQwU2VJSzRGNk5OZjBQTmxJTXdSWEJmMmZjT25FODM0RE5sa3BqcW1JdmZyOWNTeFh2alBUd2RDcFdCeGQ4NTFjMkNJbzYzcV91RHFlalBONkpDaG52bUViUVM0dWItZGZkT2lhTDRVSW9QNU5tWUREdVR5X1E3ZFZhdXhSWGVaONIB0AFBVV95cUxNdjJQNTIxNUVYd0tFeVdKMDRnRHAtNTdpSEViX01ENEV3UlN5Q3I4elpWVzlTalFHNHNCWHV5VEd2MmNrVDhsRE5ITFBwNzFhZ2t6WC1weTduVHRfTnhhQTFBVW5qamg0WnVNcFZPcHYxNnJYNTFoVnIyaUdEZnJyVmJiUTFyT1BuT01TMllJbjdESGFSMnFaZEM0Rjk1WkVmREhuQV9lYWVKMWtSU2lPdXJqemRyck94THpuMlQ0aVhkRWFkUmFzb2c0ODdSeEE5?oc=5,"Mon, 15 Jun 2026 14:03:00 GMT"
Trinidad Express (via Google),Friend flees as 'Sophia' knife to death outside supermarket - Trinidad Express Newspapers,https://news.google.com/rss/articles/CBMi3wFBVV95cUxQcE1uMWhHR2xhT0Rzb2wxZVlJdllIOUx3UE5paF9hWGNwLWpHbnFFMDViVHBVdWRydGZ5Y2ZQak5TNTBWcjVMaTVGM2xRQjJ5c0llLUZOaUx1NUprSkUyLW1zeU5HQVNKRGJFbGtVdlpNTUdscWpBaGc5am1fUm9NdjktdGpHbDhqR0ppRklNWklSTGRrMVlmaHVEUk5Ob2lsNWZfMXh0VTNGMDNnVXp3dm1YVGJ5bW91STZTRDdoZXp0dHZSNnFEazI3UU5ienR2MnlBT09UdmVWQk1NQ2000gHkAUFVX3lxTE9VQVVOZGs5bHI5VnVEelZXM0F5UGU5bEZHdWRqZzYydjhZdEs1YndsWXU2cDVqVHJWZ3N4cWliMHE0dWt4QndKQ2FPbmRoaDlRYlR0OVJzWnd6b2k3MjVrUll5dzJEREpXUDYxLUpOcVFUejBpNm5VM1NfeGpUVk1uRHVnMFhoa0EzQVc2Nm1DREJpbjl4ckxyb05ZRTQwQkZQTVpabGx1ZUpwMjJtdzRLN01iQkQ5NnQ3NmlBRDBPZU9lbTRrZnc2MklVX1FOMjZJREpmMmVqVVp2bU12cE56elg3Rw?oc=5,"Sun, 14 Jun 2026 17:50:00 GMT"
Trinidad Express (via Google),Kaia Sealy arrested on arrival at Piarco Airport - Trinidad Express Newspapers,https://news.google.com/rss/articles/CBMi0gFBVV95cUxPcFBHazRFLVFpUHF4N0NpTm9rMHBqVjVoUzVSV3RpQ0RGZmtnVEwzWm9xUV9DWHFGNlpkVld6YTQ4RGZjYVNfWEVBYzctcFZCWW1GYjNaeGZpNjdiUjNabFpZYkl1dm1JeVBaZkZyal83WXhEbm9QZldaUlltVUNxaThxV1JNcW43RTd0R3R1V3QwaldrQVB3SEpZcm8xUVFmTjNBNllsVzR1WDRudE9TdjNxTVR0b2h6ME9Ua0JURTlhTjIwNHJtUlRES0lZSUpjV0HSAdcBQVVfeXFMTS1JeG9CVXY1RDhya0tKVkxfa0dZWFd2MUQ4ZDBiQ19iZjhDdHBvWlpXYzIwZ0FhM1hJakdmaWZuWkhrNTR2WEh6aUhLaE53X2ZkRGU0aHFnbVpxdmRUVlI1SlBaYVU2UDE1RlU0MVFHU1l3R1FMVmNnQW5sZm90eS1UaHFUbGZwT0tkSThMTW1yc0I0Ry1LTXprazFRXzFNa053b0lpbUVNOWluZHBfNlFlbE5lRzZ5TUFvRlpvYWRzRGtjeHRzOXdJbmFLN1RsYk9FSURFdTA?oc=5,"Wed, 17 Jun 2026 05:18:00 GMT"
Trinidad Express (via Google),Venezuela eyes stronger T&T ties - Trinidad Express Newspapers,https://news.google.com/rss/articles/CBMiwwFBVV95cUxPSVpWQXpGYTRxNGl5Wjk1bi1QVUJUaVlzdW4yMFhtdWZfQ2p3Rkx2bmVhaG5QekhYWlFRZzIzdnFyWVNwMTZLOXoySzFpNDNLYVg1bUZPQS1yVDRHTnhwZExqSkdhRGNMay1HQUpjd0YtWUw3NDJ5NjBNd24xcFFuYUkyQ285eC1OdTBPeHBtdHlqUVd5THJDTFRKREY1SG5PMGo5WDd4aVZ2akkyRmdxOWRMN2w2TXYwN0dMLWxjSlhROTTSAcgBQVVfeXFMTVU5OHFVTkNvS2hUOXpiS1U1OFNGUDdrUG9Gd3A0a2NWbGo1T0ZxUXE3cDJ6WW5qbEN1V25VNFhlR0RCYkRtbnItM282aE1oMWJydkJRdXY4M0hSMTNDaEFkT252MjA4ZTdtb193OVVxZDFVbWFVZE5wRzctU05tZjJIcFJnUzYzRGJ5OURzU0dMWjd2MzRkTkdsWTIyVnZjbU9PR3FfQVN0RktVXzZhR2VCMzZuaG1BdEZBU1RSQURVYzdxVXRlbWI?oc=5,"Mon, 15 Jun 2026 00:28:00 GMT"
Trinidad Express (via Google),Talking unity but saturated with hate - Trinidad Express Newspapers,https://news.google.com/rss/articles/CBMiywFBVV95cUxOTFdsZGZ2eHRwVmlDWUdqUmwtNjd4dUExeUdYRFc2bkM2X2Z5ZUhGM2JhS19IS2FlbVpXaTN5SXVzYWZmX28tUnJHR0VMcjlxRnZHai1zYWlRekhZX1dzbVo3dy16N2JPMnVWMXVoZ3d2Q0VlcE55dEpOS0w0bG1TbjlmZGhIQ3Nvc3F1Z3ZyLTE3bUJmclZwT1B6OFhzS2VLZ0p1Q1NqXzdOVzN1ZnZnQ2pydG5KM3FqMHJLOW8wbUtCNHpiaHJEcUtfONIB0AFBVV95cUxQYzNoa21kSDBxVlhIU2xmSGNyWjZSQXlaWVRUWjJ4VmVoYmhFLTRMeExsZEFKMzFTMzJING95X2VLM2kyNjAzQ2JmakJoLTdBOEtzc0EzTU1JNTZCUmhURGpKUDk3TE41bExzUUZRT002WnpKeGc4MDhEaV9WQUpGbkVscVFkZDBRdUUwU2Z3ckV5UzV0SzZwZFpkanVYZFg3ZFRmcjJmbXNtZTBKSHRRZWI4YktNM3RKN1EySldNYjUxM2o0d05XZXgyb09uMElJ?oc=5,"Mon, 15 Jun 2026 00:20:00 GMT"
Trinidad Express (via Google),Missing plane heading for Tobago has been located - Trinidad Express Newspapers,https://news.google.com/rss/articles/CBMizAFBVV95cUxQdW04RVZ6cWtuWDh4c2RFRlJibmlpclBsRDhQbFo5NGxLOXpHTTdHWmpRMzMyRjdPbEEzZm10M2YxaERocE5uTF9Vb3FnMHUyZTRuci1qV3JER3pFNy1SYVZvVzNiWl9weGZxdkFrY1N1SUEyc2VDQVV0Qm12aWd5Z2ZMbGQzZVltSmN0S0R0YnBMemoySUluaXV6aHpoQ2Vxd3JOdURNX2p1NW9CeTVrdFlxUVVaTURicGdQUjN5UzBENlZ5LUpvV0JIT27SAdIBQVVfeXFMTzFCWlJOcGp4dGV2bWZQLWZGMkhqalFVS043WEhqWHB6SERKWHNhZFZNemMyLURlRFhROHhlaTZBMjlEdFRQa1Nic1NJdVJhS19Kb0ZUeHM2NURoQmJYNFY3QUNLTzlCbUpQdl9VYTdwQ21ycTQtazRseWxsMGh5V3V0RXlGU0taMGZFZXBlUTMteGhaLWtDcHRva3Zwc1N2UUZnTDF2Q2dPSlhJcmFocEJJNDkybzhxcW5YZHN0eGlkWXgtNU5lM1JpWHgxeWs5cGFn?oc=5,"Mon, 15 Jun 2026 20:20:00 GMT"
Trinidad Express (via Google),Search on for plane missing on flight to Tobago - Trinidad Express Newspapers,https://news.google.com/rss/articles/CBMi0gFBVV95cUxPVHU1dEVyY1p1LUltUWxnUW5iWGxMOFoxVDE5dDl2UmFKNEVaNm5mdGRyVE5KWks0Y1BsVGZRYkdUUFhFNmZnYmhDSWJTSEh2VTRESjJZMHRyZlIzeG8tUmtUQmFzalkwQ0ZpaHRuVFVZSTZiMWNuM0tUNWUzb3lfS3lmWE84MTJpMW12NzZVc3FhTUNNYUVMMjhfaDVBejUtVlF4OXROY1pwQThpdmxVQ1REWm96UGJjcXFrUDZfaVZWb3pHcm82WTFIalBncE1TZHfSAdcBQVVfeXFMTjh6S3c5elV4WW5pS0M4dmZmeW5jQ25RZ3RnR3hkN3UweWlvWW1Ha2c5ckJrekZHU1RCSndMNmduQlY2MjF6QjFLaFBHaU5YRVotOThSUjh0MUZOc0NDelQzbXFFWlktV3JJaUZpTmN2T3ZXa1I4NlIzb0ttOWxKeHhzTGtIM3RzYlNJdE9YcWVNUjREYUlHRjd6T1BZMklYU2tDMmg5dW1JMUxyeHVIVExPWDluaUVHT2lWSDhib2VVbkNZTk5iU0tjQmctcUk0QmQ2b21BZHc?oc=5,"Sun, 14 Jun 2026 19:32:00 GMT"
Trinidad Express (via Google),Central Bank moves to recover $18.7m - Trinidad Express Newspapers,https://news.google.com/rss/articles/CBMiwgFBVV95cUxQd3EwUVlwV0JYNGQxVjhtdWJKTnJDblMxNmRNUTNUMWVhQUx6MzRMYmI1SkxRM1hNaTVpNnUxUHU3RUlHelB4YmI4UWZoODFLOXAycnV1ZzJJck13Qzh4ZEhkR1ZFQzhaOTlQNW9JWkF4MEZWV1pVOEpOLTVwOGNEdDJDR0FuY3NjajdBTE9DU0JSZWF3Q3U5SzJ4cWRKR1RoZHFuMUNTZ0Z4NUM2V0JaemhsamVPTkNSOW5XS1U0Q05hUdIBxwFBVV95cUxON21SVUlVY2VDUHEyVGlTc3Y4VHAweXVsTkFiM0xGUHppaGt2Y2RmMmJBX0lfMVdJc0MxV3RUeWE5bE41R1A3YVdKdEJOVkVEVlV6dWNFSFAteE5HTVBzdk9kRW5uYzRvMjRBT2l4R2JOUVI3MXZrVWhVQ09HYVBhSmVOcXpKSW1wWVNGeEJhRWRZb1pCY09LdWhkbkFLWDRIVkd1TFc4VUhZRWZPVHFSNUZ4cG9XZHJzUUxnenl0WmFzNkNGWXJZ?oc=5,"Sun, 14 Jun 2026 09:00:00 GMT"
Trinidad Express (via Google),The 40-year battery a game-changer for T&T - Trinidad Express Newspapers,https://news.google.com/rss/articles/CBMi0gFBVV95cUxNM0QyQmxPaTZUMHExOWczSTlmcG12QWxzVnRLMzN3TktlQ3BhNTRkLTlMeDFTVHgySVhkS2s3RGdZMC1LTlBJc0tsNEJNaUxXdVdUekttVm13Nmx6eldpMy0yTU1ybTNreEVvd2FyMmxzckU3VUcteXlzek1aWkpfc0xTWm9RV3dmQU5YZnVRQThQUDFxU2x1NjRZQ3FSTHVHTVdMNVNiQk4yZXBXTTFnMGkxblRuRDdJQk5jYTl4M2RBSDh5aUVENngtME1NVERIQXfSAdcBQVVfeXFMTkhfaHN1NXBQcFV2WTJQa0NxMHBlSEVMSmtCQlFrR3RaMWN3RklfNlRWd2lyNF9DS2lNX01uV0J6YzNUYk1WYTh2LXM1Yi1zekFnU3EyV3d3ZUxiTEEtekQza1FRdjQycnBtUlFNX2t5enNIX05UNkZyQzFOY18wOU9FOUUwVVBRR3VUWWVFSmNNMlBqUkFuLS05ZHB6b0ZYNjFHSnV1Rk92d1dTVnExM0oyUW1qWkx0MHdqX3B6YWw5OXp4Q2hsajNBVkZfYmNXaEJPUFY2MTQ?oc=5,"Tue, 16 Jun 2026 02:15:00 GMT"
Trinidad Express (via Google),"Kareem stands by his statements: 'They wicked, evil and racist' - Trinidad Express Newspapers",https://news.google.com/rss/articles/CBMi4gFBVV95cUxNUjNSVFk2aUN4d0ZuVzB1SGZlOFpGNE1iN1hNaGdEa2RTVkRudXN3ZzRUUFh2dHFSM3NxMjJ4bFc3b1dwd19RNzBxaGFpRTM3dDlMemZEeHJSSWJxUFFJcHJvY0pkemNwM282a3dKbUpZXzFiWGlmRXNtTjQ0YU1NQkFzOFVMWDd0T2ZzMFFqZzRYTVpYb0RSSlNlbE5md1lLTXZDNDhkTjFLcmVwNDFXTEZRYkdZVmNjaGQ5Nm1odzljaVN3TUN4YjZmOW56Z3FvRnJVRTFXUEpBeW1GbTJtWHdB0gHnAUFVX3lxTFBnSEp2LWRfUnliQXNXOXBrTFh4em9VeVJaaTdPWlk3VVRhbXdSOXdPRThiNE1KUFlMZFR0Q3dmX001MHE5Yzc2M25NZXhuaEhCQXFvZFFUZkQyeS1xVzdtNUhUMzJMNXdhTEdvX3pOcXlOcGFfbmpvVzdRci0wMkRhMkp5cUNEQl9EUjVQMTUtRFR2eW1hdnU5d282YS1KczcwbnRlaVhPVDRNOC1HQmJ0emh6bHdTalFhb1NON1pFNU1QMjhnNnBNN0ZROHBwV2lxSkxxQTdSYVJod0hxWlljUGgwTkIzdw?oc=5,"Fri, 12 Jun 2026 19:16:00 GMT"
Trinidad Express (via Google),The silos that built Carenage - Trinidad Express Newspapers,https://news.google.com/rss/articles/CBMivwFBVV95cUxNR0RYVjVka2lEXzFQdk5SWEo3WEd3TGJxUzRkZlpoWTJkTlItdE50OF9VWmRsWkpNOUF3eWhlY0gzXzFVU1cyZmZ5RW5ESktZLUpuMzg4Wkd6dXJWemo2MExoN2NJcWJzeWxwTDlaUEFxclBEbzhSei1aa3JXNjBHSEFYMHNZanJudlJEb2lEZXZqU1ZydTl1Wk9HdUZhRjROLUMtdUpFNzk5cTdMLWdIWi1pNXJtMFVNNmdGZ3dFTdIBxAFBVV95cUxNRTJYZ1c1d1lVd2ljaWpNSzhIOHUxQWNhRHd2RFRWWkhES1Yta0NmVGNWUEZBWnRmSTlGamN3SzduZWpTOVJ6UEZJMWxHTC1zQU8wUkdxSldDcGNuYmV4Z0FYeDZ2ekh5SW5wbzQtQjcxc0dvdEl1SWFuM3ludnRxUFcyLU84YjBFUU05bFpIQ2xqMkxVbEpRaG5UQnFNYjdjR25yMGN3OWt1WTBIWEdrQjJWaWlHbjdfUXoyaDhDbko4WmM0?oc=5,"Wed, 17 Jun 2026 02:20:00 GMT"
Trinidad Express (via Google),RideShare driver mows down hijacker - Trinidad Express Newspapers,https://news.google.com/rss/articles/CBMiwgFBVV95cUxQTkpRVE1GalFEUFk3MmV1ZWUwU3JfVVhFNng3YjJSMG1mckU2dm1QT182S21DVDlWM3A0WlpiYmszbHpBUjZRbDJBbW15U3ZGd28za2N0T2tGbFZIcHBrSFk2RFQ3RXhRQ2xXNU5IbHRKU0tqbGpzb0pUakNzSml0ZXpjMjRLb19fMjJsNXhNMjJPaFFnYTduM2F6OHdWNjRESUlkNTRkbVhMa25IYUU3clhicF9aYmFPaFF6V2o5Z21Ud9IBxwFBVV95cUxQaEhaX1Z5eFo5V0sxcjJNZEl0N0x0RGxrSWZBTmhSSHNLcWphYVRJdmxsejdJbUtRZEZyZG1LZElsUk54N2JEcTdmWlB2bzR3NUtpbXVoRVpTb1BLbGRTUWpOUjRFb040LWlkczFLSGRTTjd3eGZuV1FZMEN4T0t1bmFoTDJESUhqb0VENWVzaTh5RUN0RXcwQmVVLU1lNFlIenA4YlBGQWtoS3NYWnRyaXhKRjByMllqUkZnZTRXdzk3bk1TS0Jv?oc=5,"Mon, 15 Jun 2026 13:52:00 GMT"
Trinidad Express (via Google),Jamaica expert backs ZOSO model for T&T - Trinidad Express Newspapers,https://news.google.com/rss/articles/CBMixwFBVV95cUxPM0JHMWhsb0pqb01LRDVDOXo4aUFyV1k2c3VTMUw3VjREMlduZzlKaG9weS1iX1JYanptT1BDbXRpdFZ2UVpMZ2hRTndXa1UteUxqTTVsYzE0ZHpGTzI3UFpXR1dfdjM3NVRERTE4cUFwcHk1WjV2aU5LVXhMSFQ4X2VTVDVHakpvUnpDOEhvSERrREFvdHE3TERaUGF1bzI3aG4xbkZRXzk4M2djT0lFazJma1dDV3VzMEtOeV9NeWk2aDFKLWZF0gHMAUFVX3lxTE1ub3NNelBiSHlrWUZHbnExbWhwdHhWdlVqSFAtSm92MGhxYVF4ZnJUWl96RmVaNHQybVFXb2R1MW1YbEk5Z0I4T2lRQW93cWdzTkltbVZzRkpLN2phdnRJelBPUDdIZ2IzWWQ4UlNsa2JMd21RbVZ2Qkc4NnJfTnRVSF9IT2VVM0NxS0loVjlTU0EwUXYzMWx5WHVsdGFmdHRLOG5qM2E5WlNIRV9hMzBHelIxbTBXbnUtSmFidE45RUMyYW5uaGRuckdQSw?oc=5,"Fri, 12 Jun 2026 09:00:00 GMT"
Trinidad Express (via Google),Couple in ICU after attack that killed 13-year-old - Trinidad Express Newspapers,https://news.google.com/rss/articles/CBMizgFBVV95cUxQSmVzdXMzTm9RVGVSSW8tUFpMNWg2bFdGcjY3RV9HckpFM2pYT1hlaWY0bk1zT3Bxdl9KZHEtUExhV0VGcWNLcDFVelBjUE9RMHhhNkp4aUNBVFZBNGJkeG1PVFdIQi1vTkZZR0hDNm1KWUdqZmJGc0pXZkZTT21pNV9ic1BadmE5STVmRGlMaDloeVJNNEN6THpEbkpxOWd5M2p1SEFSSGNLdjFUNzFINHdpRDM2dE53UEhQWWFqUnlJY3YtWnBLNTNneUlIUdIB0wFBVV95cUxNQXpUOGFoMEdCLU92M19VT1d6dS00ZVkyVVN2VkdjN0RueTQ2VGgzVFdxeFh3M0QzbjR6RXJzY1hzei0wVXdhYUlhUnZ2bzN1WDFnX1kxZ2JDMEZBZXZWeVQzQVAzcHllVVYtNnpGSlVORDN1aWlkZjR2Z1ItZWh3M1BuNmdqSmsxcDNEcHByczcwOU13UXhXRGgzRTZsXzB5RWJzVDR2UHRuVDFEQ2lndWtPMXV2c3E4WUJyamxGZWF3LXpCR2VaSU5mcmZic0dkVlR3?oc=5,"Mon, 15 Jun 2026 14:23:00 GMT"
Trinidad Express (via Google),Local News - Trinidad Express Newspapers,https://news.google.com/rss/articles/CBMiUEFVX3lxTFBQaUFvUlpFWUFiTEdNdzl5Mk1RTWFLVnBkVDhTZ1VJMF9FbkNWcjEwN3hxTlRVa2NYUTc5Zl8wbTJNOVhQblIwSnlCUWx3WWdL?oc=5,"Tue, 13 Aug 2019 19:15:29 GMT"
Trinidad Express (via Google),From reel love to real love - Inside Anton and Avionne’s Nuptials - Trinidad Express Newspapers,https://news.google.com/rss/articles/CBMi5wFBVV95cUxQWUZlZGhfTkdRZjNmd3Zxb3FDc1hfY0pJcjB3QmRxMXRhVnFYT0lTXzJYcUNDUFVUWUt3czJPTFFaTXlka0pwU2lhc1h6WjRqQ1NabHlOWjlacEV1OURTcHdyT3RCMDdnbFoxZ0s1OVhTQktHMnNZQXVWQloyZ1RLTGdHMFdCLURVRWVDVlpMZEMydERzN045NC00aHVqMXdJX09JRTJVQmVYWWJLUjNyVW1TM0FHS2hvckpCNEY2akNLeVZFdWN3aVlWcnB5Q2lzT0R6bTl6OWlGS210WFZXVGdSRVBYY2_SAewBQVVfeXFMTXMyZXJaZ3JTTDFCazhuZXd1Vmp1WEhsRnZNVnpRWnUwTU1wNEc1WTdMdXZxYmFFeVRsOXoxaXU4QTNKdEdBM0p6TzNWUndOM2FhTEM1eFZmQ2lfbF9sOTVObkxidmdtd0VLd21BOFdldjg5cU9GaW8yUTVrUzY1T0dqWVplU0phNlVaQ3lKZkxFQl83UEFKUUxNRDFZOFFLNGhTVlN1Q2l3T2tYRF9ScWQxMjBMOHJtakUtSXdKVWtkUVVaaW1kY3lPSGdQUjMzbjREZkRrT25xYjVLeTdEV242cVY1OEZPUlV2cms?oc=5,"Sun, 14 Jun 2026 01:00:00 GMT"
Trinidad Express (via Google),Gas and pension reforms could reshape growth and savings - Trinidad Express Newspapers,https://news.google.com/rss/articles/CBMi4wFBVV95cUxOb0NTR19MQ09HYzN3NzFSUWZEMU12ejcwTnJwNV9kUkdkNTVPR25KbE5qYjNUTmV3LVV6NzVWVzFsbWxCUlE1bE9pcHZmTklJdG1oSkkzclBtRXhwSDd1OGNiVzRwYnMyclFWYVhSSFR4ZEh6bDBjWi0zYTJNeHZRODZqVGNPRldaYmEwVExXUWlaNDhZRWtYTzlFb29XQng1M0dzLXViM29BdmxKMFY1U0RneFN3TklPTi1mNmNIcUFfRktPZDRlNmlrdWRaZ3lNandnWVNWU2Yxa2FuNVVXb0hlUdIB6AFBVV95cUxQUjVqQmtFYlA5YndiLTBJa1VjaEVuTlM0QW5Va1N5Y3oxSmhZNmJXN3Ryd1F4Sm9hbFVEcUM3b25pQnVsdWt2S1JmZEo3YzJCMXkzODNPOGh2OXZCT2tDSWV4cW5NRHRvV2UzQWFxdFRZcnVyMXpCeTNlbXVKSnNoZmdHczc3SU5Lanp2dkZuWXNvS2xlTFZVd2R0bFZqT3gyQ0hiR0xkMU9sUzlxM2duSE5Wd25iWFhERjhoM1NYZGZqaVY4S3NIWFg1S1Z4M2NiSlAwMGlTMDI4blcwbkpIaVZJVFlUcUFq?oc=5,"Wed, 17 Jun 2026 01:34:00 GMT"
Trinidad Express (via Google),Rowley denies knowledge of T&TEC list - Trinidad Express Newspapers,https://news.google.com/rss/articles/CBMixAFBVV95cUxNRl9BTUp2OWgyRlJ4SDBrS0s5eXJ4LW1scjdoX052cFM4U2xkM2RlOHVfV0p5XzB5cGVzcDNUSGlBUDhzSnZRdzExcDJDbGlpWHpjOGF1Y0hqaTVCMmJtcXVzbkFYZXhjNGJ0UmFzblAtbUQxendxdEFRY3k1aldyWGpMZ0sycVBnZGZsWlNISGY4VGhNRnZsU3RNeWVrTWMzcHNuN0thQnp4amQ4R1lZV2FZZ2ZPN0hYVUk2b0VIZEJVUWIt0gHKAUFVX3lxTE1TMmp1YWlScXhTRHRTbndhclVicWVFdHZ0ZXdpWnN5XzFrZlZjVkpPWFg0eGFIclpWaVQwTUdLV1ptVW9ETEEzVEN4S1ZVUkwtT3NhN0FfSUg5aWlrLVZhaUJzQmh6NmlscXBCS1k0TGhYSkVlNDI4azljUGhxaWRxazkxbUdyanM1ektBbTllTlZKbE1QeHMxdjBHeXZtUjI4aWRQQ1doTTRTWlJ2OUp2ak40UFBYWlJaZjFvNGVhZUZlRFhLUy1zUkE?oc=5,"Wed, 17 Jun 2026 09:00:00 GMT"
Trinidad Express (via Google),PM slams Marcelle on 'race' remarks - Trinidad Express Newspapers,https://news.google.com/rss/articles/CBMivgFBVV95cUxNQ0tFdHlXSEJtRHVJSm12VURxcGtWVnQtYzFQcWVMUVBnZzBrSndQRUZCS05PMG1pSldEdm9LeV9RZG1wQUUxRm1hVTJnSUlFOWpaVTg0OUZrQkFwVTFjRzd3UXdiYWwwZmVYVlhqRjFLeVR1bGVvQzhDaFN4bGViZUtXUjZMMFJlLUNJbFBLVVpzclBENGxuN0tUNmpkRlpPVWxsNFk4VW1aaXUybWRLdjh3ZzUzWmtTc0tqWUpB0gHDAUFVX3lxTE1MSWlBUFBSTGJCbTU4VGp2SXB2LTBJclJWZ3FiNmdsSDExZzBkblpLQUNUdkk2MHl0OUE3eHZNUk5ULVhfOUgzaDY1aVBTQUVuQ1FUSkZJd0p1TG1taVFZQ3RNYnhLWmE4aDYtVTRMTXJGWjFfbHM2dGFOQjdIeXkzSms1SjM3WHFmU3M2UzhaM3FrODJhUDdibWl4RTFVRVZQRkZ1WC1Ob09HeWkxbDhYanBTQWswUlRpVXFOWjhtaGZlTQ?oc=5,"Sat, 13 Jun 2026 15:54:00 GMT"
Trinidad Express (via Google),The Parkite possibilities - Trinidad Express Newspapers,https://news.google.com/rss/articles/CBMitwFBVV95cUxQbjNLQmctOWtsOE9oSWhoR01ZWmlpa0UwWnF3STg5TXNZd1ZfUkdKRy1wSXFBNWFUbDJvMkIxTUJkdVFrYWt2dUxNZ1draHBpZ3RmSXAwU2N4WWRCLVkwUzRxdlY1TUxmR0Y5RXhJam1XWEZxWFFjYWF2M0F5dXhsd1pkS2JtRXBRdG5Yc0dUc1A3R3Z4NzU3S19PVjZDRDYwSEpXMVpPb1oyek53MUZVUnlGRk03UU3SAbwBQVVfeXFMTXozbkYxWlBPbzRURjZMMGtQeDg2M1JDaGxzb3AxZVlWU2JHYUVma1RCanp2RXlqclFSU0VPcmgxNTc5Q0JMOFVFcm5fUFhzNXoxaEU1UVE0NTMweVJxTnFyNUN5c0dsRkZ4eEphQi04TnpkVmNaQ210Nkt5Wkg4OFdLRXFBZ1BtbDJuNW9BZ1pSVjRmRGhUVDV2UDlrdm9TMzlpcnl4TjUxNmJXUndGdHpzX2k0cE5GdHhxay0?oc=5,"Wed, 17 Jun 2026 02:26:00 GMT"
Wired 868,Dear Editor: Why current criminals make me miss the ‘fowl tief’ - Wired868,https://news.google.com/rss/articles/CBMimAFBVV95cUxQRjcxSUgycW5GX18zVENWeGRQVFQ4My1xdEtXYXJnTkRIS3ppNUdnLUd5WGoxME5jOW8tcHVWQ0ZNLWh2X0FsRElTRG5GeUlYN3VHLWlIVUZ4MFpHUXE2SkxvcGpYRW5YTXZrZTVqc2VtbWxDT29MS1A5M0NVWFJYa0MtX3piSXNOX1ZTcXJvZFZXbWE3R1FBSA?oc=5,"Wed, 10 Jun 2026 14:32:51 GMT"
Wired 868,Warner: Mercedez joins T&T’s missing generation—our calypsonians have become prophets - Wired868,https://news.google.com/rss/articles/CBMitAFBVV95cUxPM1UzVUlnZFZjUnFrdXU3MzJkV242c3FsVUFuRkJGSFlaUGV6UHVlQWxIVXQ3VWpDNWFxeEtsREFhSzlRUkM5R2VTX0VUNGtIcmMyWEJTcnh1MGVDV21SLUhDbERkSG1TV1o1bjQ3ZWVyT2h4UjdDMFlkcE1reE1KaWxvM2MwanU5VUtVWmRNTTF3RGlpUHJZU2trNGZrVk1PMTNYTkZYbWgxQ0JJY3pEbmlXb0Q?oc=5,"Mon, 08 Jun 2026 23:03:52 GMT"
Wired 868,Vaneisa: Silence of the daily grind—the invisible mothers - Wired868,https://news.google.com/rss/articles/CBMikwFBVV95cUxQQ090VkFjV0VkaHZ1MGstdVhXdWJMMTEwd2QwRzVTZ0hSWS1uVTd4cGFMclR1SXMyUFFNeEtDOEpWQnRJWEx5N3RNZEhFclpaclhCTEg0d0pHLV9MVm5FWWxfdHdQanh4OHRrbGxtMUxReEk3NGY0THVLZ19wTDAxb1lYWktFazFGRjBVdEI1cTNaVzQ?oc=5,"Tue, 09 Jun 2026 14:49:09 GMT"
Wired 868,Hatt: Why criticism from coaches is also important for developing athletes - Wired868,https://news.google.com/rss/articles/CBMiqgFBVV95cUxQTTFTN2dQU1FkWnBxMzBQVVBoSWpBSlVFUGJZa0xTN2JuSTdOYzIzclROYVZsS0ZNaWRUdlU1SjlYQWhoZHBXR25oRVZxbEwyNGxSY3BHcVJBUm5EQzNsYkoycmxfWW9MaWhBdVdHZFJyYXBfendaeWNwUUdhWElGbGZlNzB1b1dNYnd2RlFxWDZtUG9oQUJneFVoOERXbGhaZXNpRnhDNUh6dw?oc=5,"Sat, 30 May 2026 13:12:24 GMT"
Wired 868,Dr Teelucksingh: The loneliest epidemic—how isolation moved from social to health issue - Wired868,https://news.google.com/rss/articles/CBMiuwFBVV95cUxPdmctRXRUVUZmOWRpeEdxcUtSRjRUeXdoa3RNeksxcWZrei12WEpEMEowZ3hKSVVSWGZjOHBkY21iV200N2k1bUNiNzA0UUtLTDFGT1E2NzZRdHBhS1NYbFk1SFVtZ1hfS3IwZGMzQmd4cnFyQ0VON2dYcV9IMnNzVFVXeXV6SUdnZnVhcExLWXJLNFpiYTdVY24weDQ3M3NfZE9kdU9XTFYxMGgzRmRadTJnQnJYVWNVOFpv?oc=5,"Sun, 14 Jun 2026 15:31:02 GMT"
Wired 868,"Live Wire’s W/C Notes: Morocco’s global XI shine, an unexpected Brazilian hattrick, and Team Europe confounded (so far) - Wired868",https://news.google.com/rss/articles/CBMi3gFBVV95cUxOX3FmWnRVOVdZSHJPcEllU21kVF9qdnJBTlpHMjltZmx2RXEtVGlaSm1FZER4M2FCUkpQV2E5cWxYTGZhV2hTaVcyZGZ5SHlENTJyNFpMYjJmU3ZLSWlaZXg2LXNTQ0FTMTctX1ZJUHpybEtTUmQ0ekRoaC0wYTdzU3pxc25DMDhJeW5YNEg3VGJrTGdGNXctSlZnampTWmdmYkZMandFSGNhQW9kMVZLWnVsWTJ4a0ZKbkNyWEhLSTQxOFpJVEd3aU1ELW9JUi10Y0pHbUFWVGw5Ync4ZkE?oc=5,"Sun, 14 Jun 2026 17:55:41 GMT"
Wired 868,Vaneisa: Build communities by teaching youths “histories of ourselves” - Wired868,https://news.google.com/rss/articles/CBMiogFBVV95cUxPQnZRTEYxR2twbTU1bUJITEFBNS1ILWx6dnRMWmZlZVdMdkpLRnBLTzIxTElIcUJQZ0NuX1FVR1BzcnlMM1Jaa2EzMHpqU2ttejBteXltZ1dTbklrUXZtbVdlalFZNkE3ZGp6VmtxbFk3NVRZUU5Kb2hVZjF0c1NRNXd1dVY3Z0xwR2RtR0ItY1BLTUJ0endsS0I1NkEyVmNiaHc?oc=5,"Sat, 26 Aug 2023 07:00:00 GMT"
Wired 868,"Akins Vidale, Author at Wired868 - Page 3 of 3 - Wired868",https://news.google.com/rss/articles/CBMiXEFVX3lxTE5BZDdOb1MwU2FHejZydm9VQldDZmFiaEt1Q1pYMktfQlBRSDlkaWhhX25iaXZKaDZDZXIzM3RydWNFUHp3WkktU1k1aEhuZzlmcjFuUzNUd2ZJenh4?oc=5,"Sat, 18 Aug 2018 03:40:39 GMT"
Wired 868,Global Football - Page 150 of 238 - Wired868,https://news.google.com/rss/articles/CBMidEFVX3lxTE4xMGY0WktjV2tibkpyYUVKZWZ3MU5IN1NiR09qTlZTOXhqSF9oaEZEeU1YeXY3bE1XeW56bERjdzlDUHVCNkg3MUVqZEFpaHYtTTdLZ3JPN0pJMHZNVXI0N1hZdkJyRExDd2p0WE80dXc4eThr?oc=5,"Sat, 01 Aug 2020 12:40:47 GMT"
Wired 868,Topper tops: Wired868 selects its 2014/15 Pro League All Star team - Wired868,https://news.google.com/rss/articles/CBMinAFBVV95cUxNRE81NEJoMkYwSVU0TVB1dTNMcWZQMGVwRC1WbDI4RTJSV0t6V3lRNFVadTd4TVlPMkcwbWdObFhGYkltV29TSkRhMzJKbmxubW0xRTJnYmRMQ2dXSnBoRGR4d3NaejJJbmN0cm5lQmI3aVU5OGplTW5UazkyUldXZzJESWtJVWNxNHpQV2xsRWhJdC03TnpvbDdPZWg?oc=5,"Sun, 31 May 2015 07:00:00 GMT"
Wired 868,Tag Archives: Wade Mark - Wired868,https://news.google.com/rss/articles/CBMiS0FVX3lxTFBEOURmMEFQRERDaTc3V3VHV0NSdHFXRlZyM21mbUlPLXNNUzJqXzFZQ01TRlY5bEZoeThlMWk4TXFxZmN0QVRfZTNtdw?oc=5,"Fri, 21 Jul 2017 04:48:57 GMT"
Wired 868,Shabazz explains Soca Warrior selections - Wired868,https://news.google.com/rss/articles/CBMifkFVX3lxTFAzd012elo0ZnVTNlBrenFkZHdQWm8wanhXZ09SLV9BclVJVzRFc3ZFekZmc1N5dVRITm0zSkw1WkhDUXVrYVp1US10V1FuSDR3M2NVNEowMUUtU1QwZDVjRk5wVWZrVktlM0czV2dnTExKOTlDSWZoeWFRU2MyQQ?oc=5,"Wed, 20 Mar 2013 07:00:00 GMT"
Wired 868,Dear Editor: Whatever happened to our cricket commentary standards? - Wired868,https://news.google.com/rss/articles/CBMinwFBVV95cUxNRkllYkp1dHI2U1BiUFRfbHF2cWk4UW5HUm5Dbkp4THFZRzN4TkRCcXltUzVObnRGenVjdVE5VDZEeDNVRWpZQV9VTzlpOGs0U1gzcGZadFktUEFTRXNLRVpLLUpKeDdqVFgxRnVpWFVvX0szRGxGOVBLUXozUFNpeWVlSkpaelJFZ0w2TEwzeVZ3TGtST0hRN1Z5WjhwZDg?oc=5,"Sun, 15 Aug 2021 07:00:00 GMT"
Wired 868,Shabazz: Guardiola and Brazil make a perfect match - Wired868,https://news.google.com/rss/articles/CBMiigFBVV95cUxObTN5dmVOU1hZTDVsQk9UT3F4d3hYSHdQdFJ2eVNFMXkwTHJDcG5waDliVmp5TUFJOWd0Q3NMZFZOR0FzMXg3MkRZX1RaOURSU3RvbWw5QjljdllYN2hTSDJkZXFGcWx1cUhteWhOTTRQUDZkeTc4c0hHNjlXX1ZWbEFBanpsRGF2Z3c?oc=5,"Mon, 09 Jul 2012 07:00:00 GMT"
Wired 868,The Chanderpaul conundrum: Should ‘Tiger’ tail wag WI cricket dog? - Wired868,https://news.google.com/rss/articles/CBMimwFBVV95cUxPMy1HUW1uRlZhQXFuMFR2X21kMHBHQ3dYQVZFellGNXFTY1ZPb3AxTkszcHZ2VUoyTU1fOW9XYi1VZHlNbl9wQ3NPa1FWV0R5WlZTT0g2WDlHazV5NlhidVBpVGgxLXNqd05URzl0WkNmWTNjNDFZX0FaS3VhWmpkeE9UUjJ6eXVRWFJiQ2hLSDBQMjF1cUxDV2hfdw?oc=5,"Sun, 31 May 2015 07:00:00 GMT"
Wired 868,"Vaneisa: Ghosts of Christmas Past—cheer, chores and counterfeit - Wired868",https://news.google.com/rss/articles/CBMiigFBVV95cUxPTUN5QUNra0x4NERQcXpJRXVxbXV5MXBZNExDVHRzaFpxdVVZdHlPa3Iybk9DSG1MZ04zTE9LSnVUSVJGUkNTbTNoTVF2cjM4ZWQ3YkNNLTl4RHJWMU50U0p2QmJGc1VUaVYzdGtBY2RSeDB3UFFHMmRqZlQ1QTdHQ3I1VlRsVFhkeFE?oc=5,"Tue, 10 Dec 2024 08:00:00 GMT"
Wired 868,“A gift from God…” Arima North general Ability Hazel talks to Wired868 - Wired868,https://news.google.com/rss/articles/CBMiogFBVV95cUxOSGlNU3EtRl9LX3Jnd3pIU1JicTJjTEdZTnlBclRsNWhMVTdVVU5qelduanF1VFBhUjZ2ZXpJaExrTjMxSm9iYzhHSlBOUVdDbnhjNnM4dHRDbmlPVG4zT2gzREk5R2pfdjUtU1Y2dGNwV01kSWNlbzVJWElaOEVtcmU3VE55WncyRjJTR3NUeTBlSllpQUhVZTZOcVV3bUx4V3c?oc=5,"Sun, 24 Nov 2024 08:00:00 GMT"
Wired 868,"Noble Philip, Author at Wired868 - Page 18 of 28 - Wired868",https://news.google.com/rss/articles/CBMiXkFVX3lxTE15WWc3M1drQ0prYkZPOE0yZ1h5OFVUd1Nrb1FONnlVdmV4Z2NYRjdoalhDb0tNUVZfRVJnQWtfd0pMTm9vcF9NM0FmaHFDQlp6eUk3VFVXSnBUZFotOXc?oc=5,"Sun, 22 Jan 2023 04:50:56 GMT"
Wired 868,Vaneisa: Our favourite things for Christmas - Wired868,https://news.google.com/rss/articles/CBMigAFBVV95cUxNX0s4M2h4ejRzRy1landoUHlneDA0RFhiQnBFQ1hCVGpWQ1JDWnVTUURjdGtqZUcwNVBuYlpDUEFvWWlkRjdzQkd2MFprWVY4MUo3YmVBMTdUOW9rdDg0ODV6MFBtZ0s3OFpXaldmVXJIbjg0YS1INkxiNGF0akhlWg?oc=5,"Sat, 23 Dec 2023 08:00:00 GMT"
Wired 868,Daly Bread: Practiced detachment from the killings - Wired868,https://news.google.com/rss/articles/CBMiiAFBVV95cUxNdlhXSlFtZG5hcU1ZN2hSVURzRFZzQWlXSk9RRFppenRqSkt3MU5WeTZ3UGkwUU5LbDFnNXZIT1ZoWGtwN2pRMGtxc044dnNBaWtGTDhrVVMzUXkxbGpmcXhhcVJndnFnejJIOXlYeFdZNUVfSmpZdUhhTllMWEdyRnd0SG81UGJf?oc=5,"Sun, 24 Mar 2024 07:00:00 GMT"
