news_source,news_title,news_link,news_publish_date
CNC3 Television,Gonzales: T&TEC keeps list of high-profile customers,https://www.cnc3.co.tt/gonzales-ttec-keeps-list-of-high-profile-customers/?utm_source=rss&utm_medium=rss&utm_campaign=gonzales-ttec-keeps-list-of-high-profile-customers,"Tue, 16 Jun 2026 11:11:53 +0000"
CNC3 Television,Rowley denies being on T&TEC ‘secret list’,https://www.cnc3.co.tt/rowley-denies-being-on-ttec-secret-list/?utm_source=rss&utm_medium=rss&utm_campaign=rowley-denies-being-on-ttec-secret-list,"Tue, 16 Jun 2026 11:02:57 +0000"
CNC3 Television,Payday coming Tancoo promises to address outstanding wage matters for nurses and teachers in 2027 Budget but TTUTA unhappy with timeline,https://www.cnc3.co.tt/payday-coming-tancoo-promises-to-address-outstanding-wage-matters-for-nurses-and-teachers-in-2027-budget-but-ttuta-unhappy-with-timeline/?utm_source=rss&utm_medium=rss&utm_campaign=payday-coming-tancoo-promises-to-address-outstanding-wage-matters-for-nurses-and-teachers-in-2027-budget-but-ttuta-unhappy-with-timeline,"Tue, 16 Jun 2026 02:17:48 +0000"
CNC3 Television,Teachers reject backpay relief delay; nurses welcome timeline clarity,https://www.cnc3.co.tt/teachers-reject-backpay-relief-delay-nurses-welcome-timeline-clarity/?utm_source=rss&utm_medium=rss&utm_campaign=teachers-reject-backpay-relief-delay-nurses-welcome-timeline-clarity,"Tue, 16 Jun 2026 02:17:47 +0000"
CNC3 Television,Imbert: Moody’s upgrade not due to Govt performance,https://www.cnc3.co.tt/imbert-moodys-upgrade-not-due-to-govt-performance/?utm_source=rss&utm_medium=rss&utm_campaign=imbert-moodys-upgrade-not-due-to-govt-performance,"Tue, 16 Jun 2026 02:17:45 +0000"
CNC3 Television,PM calls for criminal probe into Scotland over T&TEC legal matter,https://www.cnc3.co.tt/pm-calls-for-criminal-probe-into-scotland-over-ttec-legal-matter/?utm_source=rss&utm_medium=rss&utm_campaign=pm-calls-for-criminal-probe-into-scotland-over-ttec-legal-matter,"Tue, 16 Jun 2026 02:17:44 +0000"
CNC3 Television,"Opposition seeks Speaker’s intervention over allegations of staff bias, MP’s conduct",https://www.cnc3.co.tt/opposition-seeks-speakers-intervention-over-allegations-of-staff-bias-mps-conduct/?utm_source=rss&utm_medium=rss&utm_campaign=opposition-seeks-speakers-intervention-over-allegations-of-staff-bias-mps-conduct,"Tue, 16 Jun 2026 02:17:42 +0000"
CNC3 Television,Padarath denies attack on parliamentary staff,https://www.cnc3.co.tt/padarath-denies-attack-on-parliamentary-staff/?utm_source=rss&utm_medium=rss&utm_campaign=padarath-denies-attack-on-parliamentary-staff,"Tue, 16 Jun 2026 02:17:41 +0000"
CNC3 Television,"Students, Govt supporters fill Parliament gallery during Mid-Year Budget debate",https://www.cnc3.co.tt/students-govt-supporters-fill-parliament-gallery-during-mid-year-budget-debate/?utm_source=rss&utm_medium=rss&utm_campaign=students-govt-supporters-fill-parliament-gallery-during-mid-year-budget-debate,"Tue, 16 Jun 2026 02:17:40 +0000"
CNC3 Television,Browne warns against wholesale exchange of old $100 notes,https://www.cnc3.co.tt/browne-warns-against-wholesale-exchange-of-old-100-notes/?utm_source=rss&utm_medium=rss&utm_campaign=browne-warns-against-wholesale-exchange-of-old-100-notes,"Tue, 16 Jun 2026 02:17:38 +0000"
TTT Live Online,"D’Yani On Music, Growth and His Expanding Caribbean Reach",https://www.ttt.live/dyani-on-music-growth-and-his-expanding-caribbean-reach/?utm_source=rss&utm_medium=rss&utm_campaign=dyani-on-music-growth-and-his-expanding-caribbean-reach,"Tue, 16 Jun 2026 14:38:14 +0000"
TTT Live Online,Borderlines Road Show Brings Spoken Word To South Trinidad,https://www.ttt.live/borderlines-road-show-brings-spoken-word-to-south-trinidad/?utm_source=rss&utm_medium=rss&utm_campaign=borderlines-road-show-brings-spoken-word-to-south-trinidad,"Tue, 16 Jun 2026 14:25:55 +0000"
TTT Live Online,The Digital Nexus: Understanding AI’s Impact On Media And Society,https://www.ttt.live/the-digital-nexus-understanding-ais-impact-on-media-and-society/?utm_source=rss&utm_medium=rss&utm_campaign=the-digital-nexus-understanding-ais-impact-on-media-and-society,"Tue, 16 Jun 2026 14:07:57 +0000"
TTT Live Online,"The Business Of The World Cup: Profit, Pricing And The Fan Experience",https://www.ttt.live/the-business-of-the-world-cup-profit-pricing-and-the-fan-experience/?utm_source=rss&utm_medium=rss&utm_campaign=the-business-of-the-world-cup-profit-pricing-and-the-fan-experience,"Tue, 16 Jun 2026 14:07:23 +0000"
TTT Live Online,Helping Families Rebuild After The Prince Street Tragedy,https://www.ttt.live/helping-families-rebuild-after-the-prince-street-tragedy/?utm_source=rss&utm_medium=rss&utm_campaign=helping-families-rebuild-after-the-prince-street-tragedy,"Tue, 16 Jun 2026 13:56:14 +0000"
TTT Live Online,Breaking Down The Mid-Year Budget Review 2026 With Dr Maukesh Basdeo,https://www.ttt.live/breaking-down-the-mid-year-budget-review-2026-with-dr-maukesh-basdeo/?utm_source=rss&utm_medium=rss&utm_campaign=breaking-down-the-mid-year-budget-review-2026-with-dr-maukesh-basdeo,"Tue, 16 Jun 2026 13:54:32 +0000"
TTT Live Online,T&T Junior Cycling Team Upgraded To Pan Am Games Silver,https://www.ttt.live/tt-junior-cycling-team-upgraded-to-pan-am-games-silver/?utm_source=rss&utm_medium=rss&utm_campaign=tt-junior-cycling-team-upgraded-to-pan-am-games-silver,"Tue, 16 Jun 2026 01:08:19 +0000"
TTT Live Online,$20M Boost For Ministry Of Foreign & CARICOM Affairs,https://www.ttt.live/20m-boost-for-ministry-of-foreign-caricom-affairs/?utm_source=rss&utm_medium=rss&utm_campaign=20m-boost-for-ministry-of-foreign-caricom-affairs,"Tue, 16 Jun 2026 01:02:22 +0000"
TTT Live Online,Minister Moonilal : Two New Energy Investors Have Set Their Sights On T&T,https://www.ttt.live/minister-moonilal-two-new-energy-investors-have-set-their-sights-on-tt/?utm_source=rss&utm_medium=rss&utm_campaign=minister-moonilal-two-new-energy-investors-have-set-their-sights-on-tt,"Tue, 16 Jun 2026 00:46:33 +0000"
TTT Live Online,Weather Outlook – Monday June 15th 2026,https://www.ttt.live/weather-outlook-monday-june-15th-2026/?utm_source=rss&utm_medium=rss&utm_campaign=weather-outlook-monday-june-15th-2026,"Tue, 16 Jun 2026 00:30:14 +0000"
Trinidad Express (via Google),Judge stops HDC from evicting Arima family - Trinidad Express Newspapers,https://news.google.com/rss/articles/CBMiywFBVV95cUxQWWxqbWNFd2FRd3l2SE1QY3Vyb05xQUFhcExkeUR0TzhxVVRpNW0zaThac0dqSzdYWUdIT0UxSGR2RXRuLXFCRkdKdlQwU2VJSzRGNk5OZjBQTmxJTXdSWEJmMmZjT25FODM0RE5sa3BqcW1JdmZyOWNTeFh2alBUd2RDcFdCeGQ4NTFjMkNJbzYzcV91RHFlalBONkpDaG52bUViUVM0dWItZGZkT2lhTDRVSW9QNU5tWUREdVR5X1E3ZFZhdXhSWGVaONIB0AFBVV95cUxNdjJQNTIxNUVYd0tFeVdKMDRnRHAtNTdpSEViX01ENEV3UlN5Q3I4elpWVzlTalFHNHNCWHV5VEd2MmNrVDhsRE5ITFBwNzFhZ2t6WC1weTduVHRfTnhhQTFBVW5qamg0WnVNcFZPcHYxNnJYNTFoVnIyaUdEZnJyVmJiUTFyT1BuT01TMllJbjdESGFSMnFaZEM0Rjk1WkVmREhuQV9lYWVKMWtSU2lPdXJqemRyck94THpuMlQ0aVhkRWFkUmFzb2c0ODdSeEE5?oc=5,"Mon, 15 Jun 2026 14:03:00 GMT"
Trinidad Express (via Google),Search on for plane missing on flight to Tobago - Trinidad Express Newspapers,https://news.google.com/rss/articles/CBMi0gFBVV95cUxPVHU1dEVyY1p1LUltUWxnUW5iWGxMOFoxVDE5dDl2UmFKNEVaNm5mdGRyVE5KWks0Y1BsVGZRYkdUUFhFNmZnYmhDSWJTSEh2VTRESjJZMHRyZlIzeG8tUmtUQmFzalkwQ0ZpaHRuVFVZSTZiMWNuM0tUNWUzb3lfS3lmWE84MTJpMW12NzZVc3FhTUNNYUVMMjhfaDVBejUtVlF4OXROY1pwQThpdmxVQ1REWm96UGJjcXFrUDZfaVZWb3pHcm82WTFIalBncE1TZHfSAdcBQVVfeXFMTjh6S3c5elV4WW5pS0M4dmZmeW5jQ25RZ3RnR3hkN3UweWlvWW1Ha2c5ckJrekZHU1RCSndMNmduQlY2MjF6QjFLaFBHaU5YRVotOThSUjh0MUZOc0NDelQzbXFFWlktV3JJaUZpTmN2T3ZXa1I4NlIzb0ttOWxKeHhzTGtIM3RzYlNJdE9YcWVNUjREYUlHRjd6T1BZMklYU2tDMmg5dW1JMUxyeHVIVExPWDluaUVHT2lWSDhib2VVbkNZTk5iU0tjQmctcUk0QmQ2b21BZHc?oc=5,"Sun, 14 Jun 2026 19:32:00 GMT"
Trinidad Express (via Google),Central Bank moves to recover $18.7m - Trinidad Express Newspapers,https://news.google.com/rss/articles/CBMiwgFBVV95cUxQd3EwUVlwV0JYNGQxVjhtdWJKTnJDblMxNmRNUTNUMWVhQUx6MzRMYmI1SkxRM1hNaTVpNnUxUHU3RUlHelB4YmI4UWZoODFLOXAycnV1ZzJJck13Qzh4ZEhkR1ZFQzhaOTlQNW9JWkF4MEZWV1pVOEpOLTVwOGNEdDJDR0FuY3NjajdBTE9DU0JSZWF3Q3U5SzJ4cWRKR1RoZHFuMUNTZ0Z4NUM2V0JaemhsamVPTkNSOW5XS1U0Q05hUdIBxwFBVV95cUxON21SVUlVY2VDUHEyVGlTc3Y4VHAweXVsTkFiM0xGUHppaGt2Y2RmMmJBX0lfMVdJc0MxV3RUeWE5bE41R1A3YVdKdEJOVkVEVlV6dWNFSFAteE5HTVBzdk9kRW5uYzRvMjRBT2l4R2JOUVI3MXZrVWhVQ09HYVBhSmVOcXpKSW1wWVNGeEJhRWRZb1pCY09LdWhkbkFLWDRIVkd1TFc4VUhZRWZPVHFSNUZ4cG9XZHJzUUxnenl0WmFzNkNGWXJZ?oc=5,"Sun, 14 Jun 2026 09:00:00 GMT"
Trinidad Express (via Google),Tobago new airport terminal to open soon - Trinidad Express Newspapers,https://news.google.com/rss/articles/CBMiyAFBVV95cUxPcnY4eGZ2QmVLYlBkb05pN2tSZnhwSlpTaFF3MWUzUi01YVZmaTlCMDFmVjlJVFRESm1yLUlmalB0ZGlBNjk4eWZkSWlkNzFTWDMtb1hjTzlpOUdfY1lkdVVNOE5uM1drQ0Q3cFVFNGoxcUdOYW9lLWhmckI3MHQ3c19OX0VlWTFPOF9NcF9LZGZsdjN2RjliV2hJVGlnOXlkaHE0S09SZDdocVVsT2ZQYnRvM0xDQkFtTlFiY1c1eGJQbkd0YkZwZtIBzgFBVV95cUxON295YXhFM1JqdVVDV0hwS29hVkpEeXJZb3RfWWhHNV9VSjB2YWxMSnhzZWpCREJIVXlXMFhQemQ1cjc5OVpReEZIT3NCOW5uSTR3TlpyLVB4YWRydmJybGFPS0F4ZFN3T2QwN083cVJHMWFMSWhncUpGcXdkQXhYOEhTR05TX3p6RWVGcnVQUEY0ZHJIbDRzTmd5QnFRc1lfcTh1UHc2TmJBT08tYmluRWFGTEtGUC1adjBBeW1VU2tzdVZhSDI0X3c5YlY1Zw?oc=5,"Mon, 15 Jun 2026 09:00:00 GMT"
Trinidad Express (via Google),Missing plane heading for Tobago has been located - Trinidad Express Newspapers,https://news.google.com/rss/articles/CBMizAFBVV95cUxQdW04RVZ6cWtuWDh4c2RFRlJibmlpclBsRDhQbFo5NGxLOXpHTTdHWmpRMzMyRjdPbEEzZm10M2YxaERocE5uTF9Vb3FnMHUyZTRuci1qV3JER3pFNy1SYVZvVzNiWl9weGZxdkFrY1N1SUEyc2VDQVV0Qm12aWd5Z2ZMbGQzZVltSmN0S0R0YnBMemoySUluaXV6aHpoQ2Vxd3JOdURNX2p1NW9CeTVrdFlxUVVaTURicGdQUjN5UzBENlZ5LUpvV0JIT27SAdIBQVVfeXFMTzFCWlJOcGp4dGV2bWZQLWZGMkhqalFVS043WEhqWHB6SERKWHNhZFZNemMyLURlRFhROHhlaTZBMjlEdFRQa1Nic1NJdVJhS19Kb0ZUeHM2NURoQmJYNFY3QUNLTzlCbUpQdl9VYTdwQ21ycTQtazRseWxsMGh5V3V0RXlGU0taMGZFZXBlUTMteGhaLWtDcHRva3Zwc1N2UUZnTDF2Q2dPSlhJcmFocEJJNDkybzhxcW5YZHN0eGlkWXgtNU5lM1JpWHgxeWs5cGFn?oc=5,"Mon, 15 Jun 2026 20:20:00 GMT"
Trinidad Express (via Google),Venezuela eyes stronger T&T ties - Trinidad Express Newspapers,https://news.google.com/rss/articles/CBMiwwFBVV95cUxPSVpWQXpGYTRxNGl5Wjk1bi1QVUJUaVlzdW4yMFhtdWZfQ2p3Rkx2bmVhaG5QekhYWlFRZzIzdnFyWVNwMTZLOXoySzFpNDNLYVg1bUZPQS1yVDRHTnhwZExqSkdhRGNMay1HQUpjd0YtWUw3NDJ5NjBNd24xcFFuYUkyQ285eC1OdTBPeHBtdHlqUVd5THJDTFRKREY1SG5PMGo5WDd4aVZ2akkyRmdxOWRMN2w2TXYwN0dMLWxjSlhROTTSAcgBQVVfeXFMTVU5OHFVTkNvS2hUOXpiS1U1OFNGUDdrUG9Gd3A0a2NWbGo1T0ZxUXE3cDJ6WW5qbEN1V25VNFhlR0RCYkRtbnItM282aE1oMWJydkJRdXY4M0hSMTNDaEFkT252MjA4ZTdtb193OVVxZDFVbWFVZE5wRzctU05tZjJIcFJnUzYzRGJ5OURzU0dMWjd2MzRkTkdsWTIyVnZjbU9PR3FfQVN0RktVXzZhR2VCMzZuaG1BdEZBU1RSQURVYzdxVXRlbWI?oc=5,"Mon, 15 Jun 2026 00:28:00 GMT"
Trinidad Express (via Google),RideShare driver mows down hijacker - Trinidad Express Newspapers,https://news.google.com/rss/articles/CBMiwgFBVV95cUxQTkpRVE1GalFEUFk3MmV1ZWUwU3JfVVhFNng3YjJSMG1mckU2dm1QT182S21DVDlWM3A0WlpiYmszbHpBUjZRbDJBbW15U3ZGd28za2N0T2tGbFZIcHBrSFk2RFQ3RXhRQ2xXNU5IbHRKU0tqbGpzb0pUakNzSml0ZXpjMjRLb19fMjJsNXhNMjJPaFFnYTduM2F6OHdWNjRESUlkNTRkbVhMa25IYUU3clhicF9aYmFPaFF6V2o5Z21Ud9IBxwFBVV95cUxQaEhaX1Z5eFo5V0sxcjJNZEl0N0x0RGxrSWZBTmhSSHNLcWphYVRJdmxsejdJbUtRZEZyZG1LZElsUk54N2JEcTdmWlB2bzR3NUtpbXVoRVpTb1BLbGRTUWpOUjRFb040LWlkczFLSGRTTjd3eGZuV1FZMEN4T0t1bmFoTDJESUhqb0VENWVzaTh5RUN0RXcwQmVVLU1lNFlIenA4YlBGQWtoS3NYWnRyaXhKRjByMllqUkZnZTRXdzk3bk1TS0Jv?oc=5,"Mon, 15 Jun 2026 13:52:00 GMT"
Trinidad Express (via Google),Talking unity but saturated with hate - Trinidad Express Newspapers,https://news.google.com/rss/articles/CBMiywFBVV95cUxOTFdsZGZ2eHRwVmlDWUdqUmwtNjd4dUExeUdYRFc2bkM2X2Z5ZUhGM2JhS19IS2FlbVpXaTN5SXVzYWZmX28tUnJHR0VMcjlxRnZHai1zYWlRekhZX1dzbVo3dy16N2JPMnVWMXVoZ3d2Q0VlcE55dEpOS0w0bG1TbjlmZGhIQ3Nvc3F1Z3ZyLTE3bUJmclZwT1B6OFhzS2VLZ0p1Q1NqXzdOVzN1ZnZnQ2pydG5KM3FqMHJLOW8wbUtCNHpiaHJEcUtfONIB0AFBVV95cUxQYzNoa21kSDBxVlhIU2xmSGNyWjZSQXlaWVRUWjJ4VmVoYmhFLTRMeExsZEFKMzFTMzJING95X2VLM2kyNjAzQ2JmakJoLTdBOEtzc0EzTU1JNTZCUmhURGpKUDk3TE41bExzUUZRT002WnpKeGc4MDhEaV9WQUpGbkVscVFkZDBRdUUwU2Z3ckV5UzV0SzZwZFpkanVYZFg3ZFRmcjJmbXNtZTBKSHRRZWI4YktNM3RKN1EySldNYjUxM2o0d05XZXgyb09uMElJ?oc=5,"Mon, 15 Jun 2026 00:20:00 GMT"
Trinidad Express (via Google),"Woman in court for fraud, money laundering - Trinidad Express Newspapers",https://news.google.com/rss/articles/CBMiyAFBVV95cUxQeWpqRTY2U1phWEhORUxqY05seFVucmpMbTNWX25wcmZyVy04a0Q0SmUydGRadVFqWVI4dlhDWnQtdnIxSnM4ay1CSU1IUmN4VnNUbGFWOXFsQ0UxeDNGTzQ5LWJCUW1KSHp3QVJQZWY5M0xackV2T0FkSVhwNmdpRExoRU1TY3BERndEQTJfTmJiMElzSHY2U2tDT3NBVFdGMGpJVzY3LTVOLThqUTBGN2FhZV9LWFFRcVpEcjhyNmdxRzFIZEFhOdIBzgFBVV95cUxQWjZRS1F0VXRaVENFQ2I4cnE5ODVEZ2czZm5uVWVzek5XVVRudEk4RTFPTjZZY2drOXlQaXJKdGVRbEZiTnVwelpaTzFOdHR6M2NlMVVZeW84UUh4TTZfZmI3aW0yZW5KWFdUUkpPbE9jVXN3UzZscElHanQ5TDhoLThaMmtPVXRvWFJ5bGlhMDYzVklqbTc4UUxnWllKVlJLVjFuMXhWc21HSVRTclNFVVJfaS1Yam9teFdMSXMtWDBybUVvb3JaOS0tNG5sQQ?oc=5,"Mon, 15 Jun 2026 16:44:00 GMT"
Trinidad Express (via Google),RHA wage talks moving to next stage - Trinidad Express Newspapers,https://news.google.com/rss/articles/CBMiwgFBVV95cUxOV3lSb2kxR3ZFWkxUem0wS1VzYzd2b21vTkdEWE5xRDBwVThhSEd5OGxHa2ExWEtBRlNtYjdYQ3M0Z0taQXBtWXV3MlJVZF8zM3l2MENnM2R3U1dNZ1pUWlNITHYxZTNCVll3S3ZWQ2FPbC1XV3FRQmZXSF9URWctLXRha0ctbDZWZXhGMk9YdURCVk1sa0tGTmZJS3lXLURFb3lWZ1FGQnBHN05GVG9WdkNNMWpMV1VVcmwydkNVb0pBQdIBxwFBVV95cUxNcGVaSk1uVHhiaDJYbE5DWFg2WFk4R3NkZndYa3VKbURERGstN1dpWk5jOUp1VDVWXzdqQUJjN2QxQ085NVpWaVZWXzh4WllXLThrVEFyalY5Z0VLUUpHYzJmdWEwSXpfY195dmUwTFFYWGdvZFM0V3ZXTkxEOFBYaGVmOU5Dc0lRQ3g2bldpcWhKX1FVR19uVjN3MTJxem9vOHo1cVFZZXFPTE5YMDRVWlZlcndjeGlhWXktTEJrVlNPX19TN2xJ?oc=5,"Fri, 12 Jun 2026 09:00:00 GMT"
Trinidad Express (via Google),Friend flees as 'Sophia' knife to death outside supermarket - Trinidad Express Newspapers,https://news.google.com/rss/articles/CBMi3wFBVV95cUxQcE1uMWhHR2xhT0Rzb2wxZVlJdllIOUx3UE5paF9hWGNwLWpHbnFFMDViVHBVdWRydGZ5Y2ZQak5TNTBWcjVMaTVGM2xRQjJ5c0llLUZOaUx1NUprSkUyLW1zeU5HQVNKRGJFbGtVdlpNTUdscWpBaGc5am1fUm9NdjktdGpHbDhqR0ppRklNWklSTGRrMVlmaHVEUk5Ob2lsNWZfMXh0VTNGMDNnVXp3dm1YVGJ5bW91STZTRDdoZXp0dHZSNnFEazI3UU5ienR2MnlBT09UdmVWQk1NQ2000gHkAUFVX3lxTE9VQVVOZGs5bHI5VnVEelZXM0F5UGU5bEZHdWRqZzYydjhZdEs1YndsWXU2cDVqVHJWZ3N4cWliMHE0dWt4QndKQ2FPbmRoaDlRYlR0OVJzWnd6b2k3MjVrUll5dzJEREpXUDYxLUpOcVFUejBpNm5VM1NfeGpUVk1uRHVnMFhoa0EzQVc2Nm1DREJpbjl4ckxyb05ZRTQwQkZQTVpabGx1ZUpwMjJtdzRLN01iQkQ5NnQ3NmlBRDBPZU9lbTRrZnc2MklVX1FOMjZJREpmMmVqVVp2bU12cE56elg3Rw?oc=5,"Sun, 14 Jun 2026 17:50:00 GMT"
Trinidad Express (via Google),Jamaica expert backs ZOSO model for T&T - Trinidad Express Newspapers,https://news.google.com/rss/articles/CBMixwFBVV95cUxPM0JHMWhsb0pqb01LRDVDOXo4aUFyV1k2c3VTMUw3VjREMlduZzlKaG9weS1iX1JYanptT1BDbXRpdFZ2UVpMZ2hRTndXa1UteUxqTTVsYzE0ZHpGTzI3UFpXR1dfdjM3NVRERTE4cUFwcHk1WjV2aU5LVXhMSFQ4X2VTVDVHakpvUnpDOEhvSERrREFvdHE3TERaUGF1bzI3aG4xbkZRXzk4M2djT0lFazJma1dDV3VzMEtOeV9NeWk2aDFKLWZF0gHMAUFVX3lxTE1ub3NNelBiSHlrWUZHbnExbWhwdHhWdlVqSFAtSm92MGhxYVF4ZnJUWl96RmVaNHQybVFXb2R1MW1YbEk5Z0I4T2lRQW93cWdzTkltbVZzRkpLN2phdnRJelBPUDdIZ2IzWWQ4UlNsa2JMd21RbVZ2Qkc4NnJfTnRVSF9IT2VVM0NxS0loVjlTU0EwUXYzMWx5WHVsdGFmdHRLOG5qM2E5WlNIRV9hMzBHelIxbTBXbnUtSmFidE45RUMyYW5uaGRuckdQSw?oc=5,"Fri, 12 Jun 2026 09:00:00 GMT"
Trinidad Express (via Google),The 40-year battery a game-changer for T&T - Trinidad Express Newspapers,https://news.google.com/rss/articles/CBMi0gFBVV95cUxNM0QyQmxPaTZUMHExOWczSTlmcG12QWxzVnRLMzN3TktlQ3BhNTRkLTlMeDFTVHgySVhkS2s3RGdZMC1LTlBJc0tsNEJNaUxXdVdUekttVm13Nmx6eldpMy0yTU1ybTNreEVvd2FyMmxzckU3VUcteXlzek1aWkpfc0xTWm9RV3dmQU5YZnVRQThQUDFxU2x1NjRZQ3FSTHVHTVdMNVNiQk4yZXBXTTFnMGkxblRuRDdJQk5jYTl4M2RBSDh5aUVENngtME1NVERIQXfSAdcBQVVfeXFMTkhfaHN1NXBQcFV2WTJQa0NxMHBlSEVMSmtCQlFrR3RaMWN3RklfNlRWd2lyNF9DS2lNX01uV0J6YzNUYk1WYTh2LXM1Yi1zekFnU3EyV3d3ZUxiTEEtekQza1FRdjQycnBtUlFNX2t5enNIX05UNkZyQzFOY18wOU9FOUUwVVBRR3VUWWVFSmNNMlBqUkFuLS05ZHB6b0ZYNjFHSnV1Rk92d1dTVnExM0oyUW1qWkx0MHdqX3B6YWw5OXp4Q2hsajNBVkZfYmNXaEJPUFY2MTQ?oc=5,"Tue, 16 Jun 2026 02:15:00 GMT"
Trinidad Express (via Google),Tancoo: Budget 2027 for union settlements - Trinidad Express Newspapers,https://news.google.com/rss/articles/CBMiyAFBVV95cUxPb2tpcXFLcng4NTk5OEZDRE1nbHVhZ2twREtCcUdHTzFtQ2xJNnlqcUdpVGFyVkg2WmlnUmQ1ellIMnkybi1ZZ2QtT3R5QnYxVU1DWjVfMnhiZlZ6d1VqVHdwZ1BrbnkxR0tWUFYyZG9xTXVzb283cjVwV1BaT09RZExWc1JLTDIzQlMzcWxJaGp1TTBHNUplU3dlUWl4YzlyZFpCd1ZhZHBfcE9CR0ladFZkNDI2QlRtTXNzNFU2SXhfUWNTZEoxadIBzgFBVV95cUxOQU9QY2JDYjRmZm5qaFRyZkhZMU1aRkszdjFfZHUxT0pjMUFFT3lzSkhUbEpiRzJCM1laWDhCbXlMWUR3Z1ZLSVgzM3ZWM3hPcEpVM2VTckRVMDhJNjYxcDA1aURjY1RxZUktYmh2N05kV3lzUVRhS1ZtOUhIY1FDZ3k4Rk5FdXNHaEx3ZkJIM0JIRldLOVQ0ckd0bFRJNVdLV2pILW5oNE1EbHM0TG1LNFlpQ3N3OE4zLTFlRHJVS1EwWFBLSVppWEVRdmFsdw?oc=5,"Tue, 16 Jun 2026 09:30:00 GMT"
Trinidad Express (via Google),"Kareem stands by his statements: 'They wicked, evil and racist' - Trinidad Express Newspapers",https://news.google.com/rss/articles/CBMi4gFBVV95cUxNUjNSVFk2aUN4d0ZuVzB1SGZlOFpGNE1iN1hNaGdEa2RTVkRudXN3ZzRUUFh2dHFSM3NxMjJ4bFc3b1dwd19RNzBxaGFpRTM3dDlMemZEeHJSSWJxUFFJcHJvY0pkemNwM282a3dKbUpZXzFiWGlmRXNtTjQ0YU1NQkFzOFVMWDd0T2ZzMFFqZzRYTVpYb0RSSlNlbE5md1lLTXZDNDhkTjFLcmVwNDFXTEZRYkdZVmNjaGQ5Nm1odzljaVN3TUN4YjZmOW56Z3FvRnJVRTFXUEpBeW1GbTJtWHdB0gHnAUFVX3lxTFBnSEp2LWRfUnliQXNXOXBrTFh4em9VeVJaaTdPWlk3VVRhbXdSOXdPRThiNE1KUFlMZFR0Q3dmX001MHE5Yzc2M25NZXhuaEhCQXFvZFFUZkQyeS1xVzdtNUhUMzJMNXdhTEdvX3pOcXlOcGFfbmpvVzdRci0wMkRhMkp5cUNEQl9EUjVQMTUtRFR2eW1hdnU5d282YS1KczcwbnRlaVhPVDRNOC1HQmJ0emh6bHdTalFhb1NON1pFNU1QMjhnNnBNN0ZROHBwV2lxSkxxQTdSYVJod0hxWlljUGgwTkIzdw?oc=5,"Fri, 12 Jun 2026 19:16:00 GMT"
Trinidad Express (via Google),"Romany, Kerr shine in ‘Arbor’ 5K - Trinidad Express Newspapers",https://news.google.com/rss/articles/CBMivAFBVV95cUxQSmE4SjI5bXlYSEFFY0MzUHJiVXE0OTY4SzI3cC11REpHeHhIMGdWZVZReW9kTllzT21oQ3N0VnFjQnU1V2V2Z2stMkRTUjM2LWRPazA1eXpzZHMtMUpmNzA3SEc2S0k5RVE2Ukd6MUxwRER5d1FQWHkyRkpQczl5OEVvcG5zMU92LVMzMzZUOGl0cEhJVlRMM3NKcl9CM1BmUzJUWTdFS29ZYmhkb1JpTWRfaXVJUUZYWndxcdIBwgFBVV95cUxOc1dRanFDMTVNYzYwUjFXNE1zU0NORVF4S2NOa1FPVFhTOG04bTBhRGtHMDU0eWFSa2RlckxjTWVGSFhzRnJLX0ZwTlhGNFdQMjdPSklyQjJHcDQtYUhiRS1neXN4LU5ZNV9wQWw2NXN5QXpoREFJSXlySlA0QXd6TTBqbE5RanRfOG5xZWV1YmZyZXNTTFlEYlh2ZVFNZm80V3psWHBLNExDdUFINTBQdjl1MVZiUkpmZWc4Q2ZZOWFvZw?oc=5,"Tue, 16 Jun 2026 02:00:00 GMT"
Trinidad Express (via Google),"Leacock, Harrison shine in LA Series - Trinidad Express Newspapers",https://news.google.com/rss/articles/CBMixAFBVV95cUxONEhiUnp4M0FFT196VHZiSkF0dVl1TW1ZT1FkNl85c093bGtycTRUX1piZmlNTG5WYi02SEpIdGI0eWRUSktYdEMtSEJRRnc2UHlwM2loaWVWTTBXMmFlRF9mVk9VZzZGaGRsbkhOcVVqS085LTJfeU1tWXdPUzRQQnp1d0xQUW5ZRDFKanM2MVJ6WVRXUU5RbUY4cnU4TThqb0VCbjdwU05uYm1lN2hGNzJCYWxBWE9JSmxvLVJFY0E0MVBD0gHKAUFVX3lxTE13WXlsaFZfZkVxMC1FVE9SR0pIdDBxT1lYYW8wMHJaSjhaQ2lHUjdTV1lxN01halpFMGJUNy1kbDg3Ym9vLWpIS2hHaHlXS1NnS1VrLTRIM3BuS3p4TXFPdEhnVFdnemdGUllLTDU5UzFlUzV1Q0pkNVBNbEhoTTNDaVl4eFdsRHc4cXJ6SEJOeHg0aVZVU1p3dVlFbThSZkpMVUg3S0N5UWZyZWFBMHFqeV95cEtuTHVGaVVFZmZabFBoVG5sdkx5UFE?oc=5,"Mon, 15 Jun 2026 00:48:00 GMT"
Trinidad Express (via Google),"Chinapoo, Graham, Orr star - Trinidad Express Newspapers",https://news.google.com/rss/articles/CBMitgFBVV95cUxPb3E4ZVV1bXVRQi1PMGJQOFluOE50NzVGX3NYa0szMjhCSm91VzhZa1g2Q3I0V0dLSTAwV0NQak9oU3NzcXVfcjFNTm9PWkxqWmlCb1ZfZFpQa2dWMXNfSjh2VXl3T0FUeEpSNy1vUXlNYy1kMFhPbU80eHdyRElxUUJudF9fcXMyZUg0aUdXR3FvX1R3djRwYjBxaHFJamNVWGMxTHNjSU9QcTlqU2YwdnpieEg3Z9IBuwFBVV95cUxPVTdDYm1SR2x6ZGxzTXZfUUY3dTc4WHJTZEd6V2dkZ0MtR3pFVm1CNkxYZFVYNEFtT29weWJXZENmX2tRQURIWWlGenJZMjRjNmowRDRxQ0tJWVdvQ2dkLVR0MzRHUTNLYktGMlV5bk9OYnB3T0hqNm5CU2NOMHpPR3ZLSGxQS3p2WUVaNUtkM3ItRTl0cWN5NFBHR1Q1T1p1ZnRvYjFieVNUUTI5ODNoZVNQa1Itclg2MzUw?oc=5,"Mon, 15 Jun 2026 00:51:00 GMT"
Trinidad Express (via Google),PM: Society has become hyper-sexualised - Trinidad Express Newspapers,https://news.google.com/rss/articles/CBMixgFBVV95cUxNOWpGQjNuNTNMblc2cDhkaUJXbkg0bjZtbEk1eUczaGVuTXhOY2ZnT1pPcmVHVm84ZTBXdnRFRXhPTDVoR2tlaURxWDFBS09MVEFJX3lreU0zMTh0akduXzVSNklBVjhVQWJUVWRpOFJrbTd5OFRKZVJrUHJVTjdQTlFwVEJHUFNTWHZvQWNoTVhKT0ZHdU1iZzUzbmRaTllaWkNTU1N1dlZzaExqelJDRFRrZloxLWxoQ0I5RmdYZ0RjV0YtOXfSAcsBQVVfeXFMTjdVWjZ4MDNKWkVaRzVYT2EwSmsxMk9jcl90TUhGM3JOTG5XcVV3bVBaYmx4TkF3YkpKWHhDUzhIMFpJZW1XcVpPRmxldzdiREVmd29BVlF3RXA1czB2aTVZYjQ5RjBuWWZqZXpoclBwXy1uWTZrNVJVWTQteE9WVzNWMm9UWGVuR3lINGQxcTIzUzlDbXRyeDJQN3NXT1JPcmNBRUVKeThsUUtWNnNjNm41TWVIQ2gyZHJvSWxURXV1dEhyRVRWNVVnN00?oc=5,"Wed, 10 Jun 2026 12:41:00 GMT"
Trinidad Express (via Google),Tancoo: Higher fines; no new taxes - Trinidad Express Newspapers,https://news.google.com/rss/articles/CBMivgFBVV95cUxQWlJGMHR2Ym04Y0RNNG1VRmxMTk0yTnZXbk1ERXNidGhSakNkRVFBX2tXbG8tdFEtVXBocGJmTTJpel94dXNqRDFsY3E3bUxRNEdESWpLVlBnRFlPRDljZ0hUdUpYcEdjRmhSNnRhUlFmNWdPV1FpV0RxVDlZMi1IRkRvdDRKQnFrWkphX0VJUmZTNktuRTlhcmp4amREQVFfZDlUd1hZQ01nOWZBZm1jdmxmQnRTNlh1VUVKbDl30gHDAUFVX3lxTE50Y1dWanlzRElybzJiOWdyNUtsaTlHNnRHUVM4VzBuOGFiWTlBM0lfLUJZaWVOZ0NXYUgzVW5LUzVZY1ZDYzgzai1CdUFaSXRBNlRVb1FsOU1ENTZIMk9qcDFyNFVGT1Z3T2R3TnV2dWp4cllGQU1EZklQaFRKNDRhYWdKNmdoUnprd3VWYjJXZ2l3MTVJSXZuV3YydFFPMks1RzJUeDIwY2NiYXNneEJVY2lBQWFwNU1kbnVEYjJUamdXcw?oc=5,"Thu, 11 Jun 2026 09:15:00 GMT"
Wired 868,Dear Editor: Why current criminals make me miss the ‘fowl tief’ - Wired868,https://news.google.com/rss/articles/CBMimAFBVV95cUxQRjcxSUgycW5GX18zVENWeGRQVFQ4My1xdEtXYXJnTkRIS3ppNUdnLUd5WGoxME5jOW8tcHVWQ0ZNLWh2X0FsRElTRG5GeUlYN3VHLWlIVUZ4MFpHUXE2SkxvcGpYRW5YTXZrZTVqc2VtbWxDT29MS1A5M0NVWFJYa0MtX3piSXNOX1ZTcXJvZFZXbWE3R1FBSA?oc=5,"Wed, 10 Jun 2026 14:32:51 GMT"
Wired 868,Warner: Mercedez joins T&T’s missing generation—our calypsonians have become prophets - Wired868,https://news.google.com/rss/articles/CBMitAFBVV95cUxPM1UzVUlnZFZjUnFrdXU3MzJkV242c3FsVUFuRkJGSFlaUGV6UHVlQWxIVXQ3VWpDNWFxeEtsREFhSzlRUkM5R2VTX0VUNGtIcmMyWEJTcnh1MGVDV21SLUhDbERkSG1TV1o1bjQ3ZWVyT2h4UjdDMFlkcE1reE1KaWxvM2MwanU5VUtVWmRNTTF3RGlpUHJZU2trNGZrVk1PMTNYTkZYbWgxQ0JJY3pEbmlXb0Q?oc=5,"Mon, 08 Jun 2026 23:03:52 GMT"
Wired 868,Hatt: Why criticism from coaches is also important for developing athletes - Wired868,https://news.google.com/rss/articles/CBMiqgFBVV95cUxQTTFTN2dQU1FkWnBxMzBQVVBoSWpBSlVFUGJZa0xTN2JuSTdOYzIzclROYVZsS0ZNaWRUdlU1SjlYQWhoZHBXR25oRVZxbEwyNGxSY3BHcVJBUm5EQzNsYkoycmxfWW9MaWhBdVdHZFJyYXBfendaeWNwUUdhWElGbGZlNzB1b1dNYnd2RlFxWDZtUG9oQUJneFVoOERXbGhaZXNpRnhDNUh6dw?oc=5,"Sat, 30 May 2026 13:12:24 GMT"
Wired 868,Vaneisa: Silence of the daily grind—the invisible mothers - Wired868,https://news.google.com/rss/articles/CBMikwFBVV95cUxQQ090VkFjV0VkaHZ1MGstdVhXdWJMMTEwd2QwRzVTZ0hSWS1uVTd4cGFMclR1SXMyUFFNeEtDOEpWQnRJWEx5N3RNZEhFclpaclhCTEg0d0pHLV9MVm5FWWxfdHdQanh4OHRrbGxtMUxReEk3NGY0THVLZ19wTDAxb1lYWktFazFGRjBVdEI1cTNaVzQ?oc=5,"Tue, 09 Jun 2026 14:49:09 GMT"
Wired 868,Dr Teelucksingh: The Ghost Ship Virus—should we be afraid? - Wired868,https://news.google.com/rss/articles/CBMikwFBVV95cUxPcDlDdHVrSVRfbjktdEI3MTREMURpSGJOQUdrcmxIdXhDRzZ4U3RGLThmWkZmeWtLNXROMjNJRFFQSHdrdjcwQUM5QzRaM0MybjN2QXcybTdFVDNnbzNjaXE2eF9YbmJtd0dFeEliTTUwY1FEQWRSb1ZobkZ2TXBxLUpmWU1pN0FSX19zbGpGczFUakk?oc=5,"Sun, 17 May 2026 07:00:00 GMT"
Wired 868,Dr Teelucksingh: The loneliest epidemic—how isolation moved from social to health issue - Wired868,https://news.google.com/rss/articles/CBMiuwFBVV95cUxPdmctRXRUVUZmOWRpeEdxcUtSRjRUeXdoa3RNeksxcWZrei12WEpEMEowZ3hKSVVSWGZjOHBkY21iV200N2k1bUNiNzA0UUtLTDFGT1E2NzZRdHBhS1NYbFk1SFVtZ1hfS3IwZGMzQmd4cnFyQ0VON2dYcV9IMnNzVFVXeXV6SUdnZnVhcExLWXJLNFpiYTdVY24weDQ3M3NfZE9kdU9XTFYxMGgzRmRadTJnQnJYVWNVOFpv?oc=5,"Sun, 14 Jun 2026 15:31:02 GMT"
Wired 868,"Live Wire’s W/C Notes: Morocco’s global XI shine, an unexpected Brazilian hattrick, and Team Europe confounded (so far) - Wired868",https://news.google.com/rss/articles/CBMi3gFBVV95cUxOX3FmWnRVOVdZSHJPcEllU21kVF9qdnJBTlpHMjltZmx2RXEtVGlaSm1FZER4M2FCUkpQV2E5cWxYTGZhV2hTaVcyZGZ5SHlENTJyNFpMYjJmU3ZLSWlaZXg2LXNTQ0FTMTctX1ZJUHpybEtTUmQ0ekRoaC0wYTdzU3pxc25DMDhJeW5YNEg3VGJrTGdGNXctSlZnampTWmdmYkZMandFSGNhQW9kMVZLWnVsWTJ4a0ZKbkNyWEhLSTQxOFpJVEd3aU1ELW9JUi10Y0pHbUFWVGw5Ync4ZkE?oc=5,"Sun, 14 Jun 2026 17:55:41 GMT"
Wired 868,Vaneisa: Build communities by teaching youths “histories of ourselves” - Wired868,https://news.google.com/rss/articles/CBMiogFBVV95cUxPQnZRTEYxR2twbTU1bUJITEFBNS1ILWx6dnRMWmZlZVdMdkpLRnBLTzIxTElIcUJQZ0NuX1FVR1BzcnlMM1Jaa2EzMHpqU2ttejBteXltZ1dTbklrUXZtbVdlalFZNkE3ZGp6VmtxbFk3NVRZUU5Kb2hVZjF0c1NRNXd1dVY3Z0xwR2RtR0ItY1BLTUJ0endsS0I1NkEyVmNiaHc?oc=5,"Sat, 26 Aug 2023 07:00:00 GMT"
Wired 868,"Akins Vidale, Author at Wired868 - Page 3 of 3 - Wired868",https://news.google.com/rss/articles/CBMiXEFVX3lxTE5BZDdOb1MwU2FHejZydm9VQldDZmFiaEt1Q1pYMktfQlBRSDlkaWhhX25iaXZKaDZDZXIzM3RydWNFUHp3WkktU1k1aEhuZzlmcjFuUzNUd2ZJenh4?oc=5,"Sat, 18 Aug 2018 03:40:39 GMT"
Wired 868,Topper tops: Wired868 selects its 2014/15 Pro League All Star team - Wired868,https://news.google.com/rss/articles/CBMinAFBVV95cUxNRE81NEJoMkYwSVU0TVB1dTNMcWZQMGVwRC1WbDI4RTJSV0t6V3lRNFVadTd4TVlPMkcwbWdObFhGYkltV29TSkRhMzJKbmxubW0xRTJnYmRMQ2dXSnBoRGR4d3NaejJJbmN0cm5lQmI3aVU5OGplTW5UazkyUldXZzJESWtJVWNxNHpQV2xsRWhJdC03TnpvbDdPZWg?oc=5,"Sun, 31 May 2015 07:00:00 GMT"
Wired 868,Tag Archives: Wade Mark - Wired868,https://news.google.com/rss/articles/CBMiS0FVX3lxTFBEOURmMEFQRERDaTc3V3VHV0NSdHFXRlZyM21mbUlPLXNNUzJqXzFZQ01TRlY5bEZoeThlMWk4TXFxZmN0QVRfZTNtdw?oc=5,"Fri, 21 Jul 2017 04:48:57 GMT"
Wired 868,Shabazz explains Soca Warrior selections - Wired868,https://news.google.com/rss/articles/CBMifkFVX3lxTFAzd012elo0ZnVTNlBrenFkZHdQWm8wanhXZ09SLV9BclVJVzRFc3ZFekZmc1N5dVRITm0zSkw1WkhDUXVrYVp1US10V1FuSDR3M2NVNEowMUUtU1QwZDVjRk5wVWZrVktlM0czV2dnTExKOTlDSWZoeWFRU2MyQQ?oc=5,"Wed, 20 Mar 2013 07:00:00 GMT"
Wired 868,Dear Editor: Whatever happened to our cricket commentary standards? - Wired868,https://news.google.com/rss/articles/CBMinwFBVV95cUxNRkllYkp1dHI2U1BiUFRfbHF2cWk4UW5HUm5Dbkp4THFZRzN4TkRCcXltUzVObnRGenVjdVE5VDZEeDNVRWpZQV9VTzlpOGs0U1gzcGZadFktUEFTRXNLRVpLLUpKeDdqVFgxRnVpWFVvX0szRGxGOVBLUXozUFNpeWVlSkpaelJFZ0w2TEwzeVZ3TGtST0hRN1Z5WjhwZDg?oc=5,"Sun, 15 Aug 2021 07:00:00 GMT"
Wired 868,Shabazz: Guardiola and Brazil make a perfect match - Wired868,https://news.google.com/rss/articles/CBMiigFBVV95cUxObTN5dmVOU1hZTDVsQk9UT3F4d3hYSHdQdFJ2eVNFMXkwTHJDcG5waDliVmp5TUFJOWd0Q3NMZFZOR0FzMXg3MkRZX1RaOURSU3RvbWw5QjljdllYN2hTSDJkZXFGcWx1cUhteWhOTTRQUDZkeTc4c0hHNjlXX1ZWbEFBanpsRGF2Z3c?oc=5,"Mon, 09 Jul 2012 07:00:00 GMT"
Wired 868,The Chanderpaul conundrum: Should ‘Tiger’ tail wag WI cricket dog? - Wired868,https://news.google.com/rss/articles/CBMimwFBVV95cUxPMy1HUW1uRlZhQXFuMFR2X21kMHBHQ3dYQVZFellGNXFTY1ZPb3AxTkszcHZ2VUoyTU1fOW9XYi1VZHlNbl9wQ3NPa1FWV0R5WlZTT0g2WDlHazV5NlhidVBpVGgxLXNqd05URzl0WkNmWTNjNDFZX0FaS3VhWmpkeE9UUjJ6eXVRWFJiQ2hLSDBQMjF1cUxDV2hfdw?oc=5,"Sun, 31 May 2015 07:00:00 GMT"
Wired 868,"Vaneisa: Ghosts of Christmas Past—cheer, chores and counterfeit - Wired868",https://news.google.com/rss/articles/CBMiigFBVV95cUxPTUN5QUNra0x4NERQcXpJRXVxbXV5MXBZNExDVHRzaFpxdVVZdHlPa3Iybk9DSG1MZ04zTE9LSnVUSVJGUkNTbTNoTVF2cjM4ZWQ3YkNNLTl4RHJWMU50U0p2QmJGc1VUaVYzdGtBY2RSeDB3UFFHMmRqZlQ1QTdHQ3I1VlRsVFhkeFE?oc=5,"Tue, 10 Dec 2024 08:00:00 GMT"
Wired 868,“A gift from God…” Arima North general Ability Hazel talks to Wired868 - Wired868,https://news.google.com/rss/articles/CBMiogFBVV95cUxOSGlNU3EtRl9LX3Jnd3pIU1JicTJjTEdZTnlBclRsNWhMVTdVVU5qelduanF1VFBhUjZ2ZXpJaExrTjMxSm9iYzhHSlBOUVdDbnhjNnM4dHRDbmlPVG4zT2gzREk5R2pfdjUtU1Y2dGNwV01kSWNlbzVJWElaOEVtcmU3VE55WncyRjJTR3NUeTBlSllpQUhVZTZOcVV3bUx4V3c?oc=5,"Sun, 24 Nov 2024 08:00:00 GMT"
Wired 868,"Noble Philip, Author at Wired868 - Page 18 of 28 - Wired868",https://news.google.com/rss/articles/CBMiXkFVX3lxTE15WWc3M1drQ0prYkZPOE0yZ1h5OFVUd1Nrb1FONnlVdmV4Z2NYRjdoalhDb0tNUVZfRVJnQWtfd0pMTm9vcF9NM0FmaHFDQlp6eUk3VFVXSnBUZFotOXc?oc=5,"Sun, 22 Jan 2023 04:50:56 GMT"
Wired 868,Vaneisa: Our favourite things for Christmas - Wired868,https://news.google.com/rss/articles/CBMigAFBVV95cUxNX0s4M2h4ejRzRy1landoUHlneDA0RFhiQnBFQ1hCVGpWQ1JDWnVTUURjdGtqZUcwNVBuYlpDUEFvWWlkRjdzQkd2MFprWVY4MUo3YmVBMTdUOW9rdDg0ODV6MFBtZ0s3OFpXaldmVXJIbjg0YS1INkxiNGF0akhlWg?oc=5,"Sat, 23 Dec 2023 08:00:00 GMT"
Wired 868,Daly Bread: Practiced detachment from the killings - Wired868,https://news.google.com/rss/articles/CBMiiAFBVV95cUxNdlhXSlFtZG5hcU1ZN2hSVURzRFZzQWlXSk9RRFppenRqSkt3MU5WeTZ3UGkwUU5LbDFnNXZIT1ZoWGtwN2pRMGtxc044dnNBaWtGTDhrVVMzUXkxbGpmcXhhcVJndnFnejJIOXlYeFdZNUVfSmpZdUhhTllMWEdyRnd0SG81UGJf?oc=5,"Sun, 24 Mar 2024 07:00:00 GMT"
